{
  "content": [
    {
      "path": "ContentInfo/holdshort-ljaj/Thumbnail.jpg",
      "size": 13520,
      "date": 132398945780000000
    },
    {
      "path": "manifest.json",
      "size": 284,
      "date": 132429170382878666
    },
    {
      "path": "scenery/global/scenery/modelLib.BGL",
      "size": 44006,
      "date": 132429150619292786
    },
    {
      "path": "scenery/global/scenery/TEXTURE/BUILDING.PNG.DDS",
      "size": 699192,
      "date": 132428528089031937
    },
    {
      "path": "scenery/global/scenery/TEXTURE/BUILDING.PNG.DDS.json",
      "size": 102,
      "date": 132428528088921945
    },
    {
      "path": "scenery/global/scenery/TEXTURE/TEMPLATE_HANGAR.PNG.DDS",
      "size": 5592560,
      "date": 132429150618352718
    },
    {
      "path": "scenery/global/scenery/TEXTURE/TEMPLATE_HANGAR.PNG.DDS.json",
      "size": 119,
      "date": 132429150618242718
    },
    {
      "path": "scenery/world/scenery/AIRPORT_POLYGON.BGL",
      "size": 948,
      "date": 132429174521587285
    },
    {
      "path": "scenery/world/scenery/LJAJ.bgl",
      "size": 1041,
      "date": 132429174521427269
    }
  ]
}