{
  "content": [
    {
      "path": "ContentInfo/holdshort-airport-ljaj-ajdovscina/Thumbnail.jpg",
      "size": 13520,
      "date": 132398945780000000
    },
    {
      "path": "MaterialLibs/mymaterials/Library.xml",
      "size": 1025,
      "date": 132423469650906885
    },
    {
      "path": "MaterialLibs/mymaterials/Textures/ASPHALT01_ALBEDO.PNG.DDS",
      "size": 349700,
      "date": 132423469656497313
    },
    {
      "path": "MaterialLibs/mymaterials/Textures/Asphalt01_Albedo.png.DDS.FLAGS",
      "size": 39,
      "date": 132423300803243387
    },
    {
      "path": "MaterialLibs/mymaterials/Textures/ASPHALT01_ALBEDO.PNG.DDS.json",
      "size": 232,
      "date": 132423469656427308
    },
    {
      "path": "MaterialLibs/mymaterials/Textures/ASPHALT01_COMP.PNG.DDS",
      "size": 349700,
      "date": 132423469654207151
    },
    {
      "path": "MaterialLibs/mymaterials/Textures/Asphalt01_COMP.png.DDS.FLAGS",
      "size": 21,
      "date": 132423300803223382
    },
    {
      "path": "MaterialLibs/mymaterials/Textures/ASPHALT01_COMP.PNG.DDS.json",
      "size": 176,
      "date": 132423469654127127
    },
    {
      "path": "scenery/global/scenery/AIRPORT_POLYGON.BGL",
      "size": 948,
      "date": 132423469650706878
    },
    {
      "path": "scenery/global/scenery/ljaj.bgl",
      "size": 913,
      "date": 132423469650566870
    }
  ]
}