{
  "content": [
    {
      "path": "ContentInfo/holdshort-airport-ljaj-ajdovscina/Thumbnail.jpg",
      "size": 13520,
      "date": 132398945780000000
    },
    {
      "path": "manifest.json",
      "size": 271,
      "date": 132423322614768902
    },
    {
      "path": "MaterialLibs/mymaterials/Library.xml",
      "size": 1025,
      "date": 132423322613658599
    },
    {
      "path": "MaterialLibs/mymaterials/Textures/ASPHALT01_ALBEDO.PNG.DDS",
      "size": 2097280,
      "date": 132423322614398642
    },
    {
      "path": "MaterialLibs/mymaterials/Textures/Asphalt01_Albedo.png.DDS.FLAGS",
      "size": 39,
      "date": 132423300803243387
    },
    {
      "path": "MaterialLibs/mymaterials/Textures/ASPHALT01_ALBEDO.PNG.DDS.json",
      "size": 232,
      "date": 132423322614368634
    },
    {
      "path": "MaterialLibs/mymaterials/Textures/ASPHALT01_COMP.PNG.DDS",
      "size": 2097280,
      "date": 132423322614008624
    },
    {
      "path": "MaterialLibs/mymaterials/Textures/Asphalt01_COMP.png.DDS.FLAGS",
      "size": 21,
      "date": 132423300803223382
    },
    {
      "path": "MaterialLibs/mymaterials/Textures/ASPHALT01_COMP.PNG.DDS.json",
      "size": 176,
      "date": 132423322613968609
    },
    {
      "path": "scenery/global/scenery/AIRPORT_POLYGON.BGL",
      "size": 948,
      "date": 132423327740506041
    },
    {
      "path": "scenery/global/scenery/ljaj.bgl",
      "size": 573,
      "date": 132423327740266028
    },
    {
      "path": "scenery/global/scenery/mynn.bgl",
      "size": 573,
      "date": 132423322613278563
    }
  ]
}